loss,grad_norm,learning_rate,epoch,step,eval_loss,eval_runtime,eval_samples_per_second,eval_steps_per_second,train_runtime,train_samples_per_second,train_steps_per_second,total_flos,train_loss
4.8804573059082035,11.078858375549316,6.666666666666667e-05,0.04065040650406504,5,,,,,,,,,
1.9295764923095704,5.2513298988342285,0.00015000000000000001,0.08130081300813008,10,,,,,,,,,
1.4594600677490235,3.1482484340667725,0.00019998451247222416,0.12195121951219512,15,,,,,,,,,
1.365743064880371,2.049790382385254,0.00019981033287370443,0.16260162601626016,20,,,,,,,,,
1.3964300155639648,1.869233250617981,0.00019944295254705185,0.2032520325203252,25,,,,,,,,,
1.3441143035888672,2.1019389629364014,0.00019888308262251285,0.24390243902439024,30,,,,,,,,,
1.347180461883545,1.5883047580718994,0.00019813180682833447,0.2845528455284553,35,,,,,,,,,
1.259805679321289,1.8546209335327148,0.00019719057939301477,0.3252032520325203,40,,,,,,,,,
1.3233914375305176,1.6918801069259644,0.00019606122223038376,0.36585365853658536,45,,,,,,,,,
1.0836013793945312,1.9130642414093018,0.00019474592141296372,0.4065040650406504,50,,,,,,,,,
1.3387082099914551,2.009608745574951,0.00019324722294043558,0.44715447154471544,55,,,,,,,,,
1.2016920089721679,1.8770807981491089,0.0001915680278114014,0.4878048780487805,60,,,,,,,,,
1.2694066047668457,1.8156940937042236,0.00018971158640798368,0.5284552845528455,65,,,,,,,,,
1.0560318946838378,2.0177226066589355,0.0001876814922041299,0.5691056910569106,70,,,,,,,,,
1.1394842147827149,1.9029405117034912,0.00018548167480980193,0.6097560975609756,75,,,,,,,,,
1.278804397583008,1.873128056526184,0.00018311639236451416,0.6504065040650406,80,,,,,,,,,
1.2340959548950194,1.5428905487060547,0.0001805902232949435,0.6910569105691057,85,,,,,,,,,
1.197322940826416,1.83725106716156,0.00017790805745256704,0.7317073170731707,90,,,,,,,,,
0.9736881256103516,2.2710649967193604,0.00017507508664848094,0.7723577235772358,95,,,,,,,,,
1.0333635330200195,1.4359021186828613,0.0001720967946037225,0.8130081300813008,100,,,,,,,,,
1.1704983711242676,2.0488030910491943,0.00016897894633454886,0.8536585365853658,105,,,,,,,,,
1.0868531227111817,1.5465185642242432,0.00016572757699321791,0.8943089430894309,110,,,,,,,,,
1.0531629562377929,1.7447075843811035,0.00016234898018587337,0.9349593495934959,115,,,,,,,,,
1.058876132965088,1.6596200466156006,0.00015884969579014566,0.975609756097561,120,,,,,,,,,
,,,1.0,123,1.2451854944229126,2.5035,85.081,10.785,,,,,
0.922049617767334,1.455560326576233,0.0001552364972960506,1.016260162601626,125,,,,,,,,,
0.7273151397705078,1.7272472381591797,0.0001515163786946896,1.056910569105691,130,,,,,,,,,
0.5837284088134765,1.5281157493591309,0.00014769654094013058,1.0975609756097562,135,,,,,,,,,
0.6676457405090332,1.4233856201171875,0.000143784378010675,1.1382113821138211,140,,,,,,,,,
0.5993327617645263,1.5014503002166748,0.00013978746259649209,1.1788617886178863,145,,,,,,,,,
0.6064444541931152,1.6021156311035156,0.0001357135314413245,1.2195121951219512,150,,,,,,,,,
0.6220708370208741,1.539131999015808,0.00013157047036663853,1.2601626016260163,155,,,,,,,,,
0.6645198822021484,1.594651222229004,0.0001273662990072083,1.3008130081300813,160,,,,,,,,,
0.6358695507049561,5.393530368804932,0.00012310915528768,1.3414634146341464,165,,,,,,,,,
0.6761110305786133,1.690474271774292,0.00011880727967016514,1.3821138211382114,170,,,,,,,,,
0.7289697647094726,1.7560163736343384,0.00011446899920335405,1.4227642276422765,175,,,,,,,,,
0.6344913482666016,1.8039675951004028,0.00011010271140402579,1.4634146341463414,180,,,,,,,,,
0.6303628921508789,1.0177055597305298,0.00010571686800215444,1.5040650406504064,185,,,,,,,,,
0.61149582862854,2.2123260498046875,0.00010131995858107591,1.5447154471544715,190,,,,,,,,,
0.6025900840759277,1.7537325620651245,9.692049414438299e-05,1.5853658536585367,195,,,,,,,,,
0.5938501358032227,1.4330899715423584,9.252699064135758e-05,1.6260162601626016,200,,,,,,,,,
0.5825135707855225,1.4970673322677612,8.814795248282974e-05,1.6666666666666665,205,,,,,,,,,
0.7479778289794922,1.6591095924377441,8.379185607937126e-05,1.7073170731707317,210,,,,,,,,,
0.6446463108062744,1.4879138469696045,7.94671334336891e-05,1.7479674796747968,215,,,,,,,,,
0.7054619789123535,1.5535249710083008,7.518215581897763e-05,1.7886178861788617,220,,,,,,,,,
0.6464781284332275,1.151119351387024,7.09452175748244e-05,1.8292682926829267,225,,,,,,,,,
0.5336578369140625,1.0821466445922852,6.676452005203406e-05,1.8699186991869918,230,,,,,,,,,
0.6604063510894775,1.6867594718933105,6.264815573744884e-05,1.910569105691057,235,,,,,,,,,
0.6537120342254639,1.3648747205734253,5.8604092589494994e-05,1.951219512195122,240,,,,,,,,,
0.591754961013794,1.3308005332946777,5.464015861477557e-05,1.9918699186991868,245,,,,,,,,,
,,,2.0,246,1.2370636463165283,2.4281,87.723,11.12,,,,,
0.3403151035308838,0.860718309879303,5.0764026715565785e-05,2.032520325203252,250,,,,,,,,,
0.3652700185775757,1.102979302406311,4.6983199837539705e-05,2.073170731707317,255,,,,,,,,,
0.30117597579956057,1.2176121473312378,4.3304996446478854e-05,2.113821138211382,260,,,,,,,,,
0.3359957456588745,2.042762517929077,3.973653636207437e-05,2.154471544715447,265,,,,,,,,,
0.3006949186325073,1.6975280046463013,3.628472697624422e-05,2.1951219512195124,270,,,,,,,,,
0.3054837703704834,2.6909432411193848,3.295624988264224e-05,2.2357723577235773,275,,,,,,,,,
0.2860584020614624,1.069770097732544,2.975754794324015e-05,2.2764227642276422,280,,,,,,,,,
0.3445473909378052,1.5521796941757202,2.669481281701739e-05,2.317073170731707,285,,,,,,,,,
0.34339883327484133,1.337826132774353,2.377397297489895e-05,2.3577235772357725,290,,,,,,,,,
0.3011346340179443,1.1419206857681274,2.100068222414121e-05,2.3983739837398375,295,,,,,,,,,
0.29670836925506594,1.2714861631393433,1.8380308764377842e-05,2.4390243902439024,300,,,,,,,,,
0.3450376272201538,1.3859617710113525,1.5917924796510587e-05,2.4796747967479673,305,,,,,,,,,
0.2669525623321533,1.0415799617767334,1.3618296704558364e-05,2.5203252032520327,310,,,,,,,,,
0.30363543033599855,1.2038850784301758,1.1485875829469705e-05,2.5609756097560976,315,,,,,,,,,
0.3291902780532837,1.3243106603622437,9.524789852756954e-06,2.6016260162601625,320,,,,,,,,,
0.3002269506454468,1.0046188831329346,7.738834806631711e-06,2.642276422764228,325,,,,,,,,,
0.3046048641204834,1.6909618377685547,6.131467726106144e-06,2.682926829268293,330,,,,,,,,,
0.2670515775680542,0.9548422694206238,4.705799957284351e-06,2.7235772357723578,335,,,,,,,,,
0.3453010082244873,1.289884328842163,3.4645911347961357e-06,2.7642276422764227,340,,,,,,,,,
0.2620179891586304,0.8718316555023193,2.410243840031279e-06,2.8048780487804876,345,,,,,,,,,
0.26523096561431886,1.5030571222305298,1.5447989505140925e-06,2.845528455284553,350,,,,,,,,,
0.3314966201782227,1.381255030632019,8.699316894203224e-07,2.886178861788618,355,,,,,,,,,
0.30776247978210447,1.3910603523254395,3.869483828836007e-07,2.926829268292683,360,,,,,,,,,
0.31550047397613523,1.5791581869125366,9.678393136776098e-08,2.9674796747967482,365,,,,,,,,,
,,,3.0,369,1.3721052408218384,2.4298,87.662,11.112,,,,,
,,,3.0,369,,,,,192.8089,30.559,1.914,6698748360425472.0,0.7789375452491326
,,,3.0,369,1.3721052408218384,2.4274,87.749,11.123,,,,,
